bin,speed_mps,cadence_sps,phase,head_x,head_y,head_z,head_pitch,head_yaw,head_roll,hips_x,hips_y,hips_z,lw_x,lw_y,lw_z,lw_pitch,lw_splay,lw_twist,rw_x,rw_y,rw_z,rw_pitch,rw_splay,rw_twist,lw_ax_x,lw_ax_y,lw_ax_z,lw_palm_x,lw_palm_y,lw_palm_z,rw_ax_x,rw_ax_y,rw_ax_z,rw_palm_x,rw_palm_y,rw_palm_z
slow,1.02,1.52,0.00,0.0176,-0.0185,0.0140,-15.4,2.0,0.6,0.0192,-0.6009,0.0289,-0.2013,-0.7806,0.1409,2.6,-5.3,15.3,0.2702,-0.7189,-0.2025,46.9,0.1,31.0,-0.0926,-0.9738,-0.0437,0.9409,-0.1184,0.2486,-0.0008,-0.6658,-0.7124,-0.8316,-0.3594,0.3513
slow,1.02,1.52,0.05,0.0058,-0.0245,0.0095,-14.9,2.0,0.6,0.0104,-0.6071,0.0214,-0.2080,-0.7882,0.1396,0.9,-5.2,14.9,0.2598,-0.7279,-0.1959,46.1,-0.1,31.0,-0.0901,-0.9756,-0.0148,0.9380,-0.1138,0.2440,0.0029,-0.6743,-0.7006,-0.8309,-0.3513,0.3513
slow,1.02,1.52,0.10,-0.0091,-0.0207,-0.0003,-14.5,1.7,0.4,0.0011,-0.6030,0.0071,-0.2215,-0.7915,0.1193,0.7,-5.2,15.1,0.2463,-0.7375,-0.1776,41.7,-1.6,29.7,-0.0905,-0.9780,-0.0130,0.9348,-0.1141,0.2474,0.0281,-0.7277,-0.6487,-0.8419,-0.3257,0.3478
slow,1.02,1.52,0.15,-0.0226,-0.0099,-0.0084,-14.4,1.3,0.4,-0.0101,-0.5920,-0.0032,-0.2397,-0.7890,0.0819,3.3,-5.9,16.1,0.2343,-0.7454,-0.1428,34.7,-3.4,27.7,-0.1029,-0.9802,-0.0569,0.9225,-0.1355,0.2573,0.0595,-0.8059,-0.5594,-0.8601,-0.2879,0.3446
slow,1.02,1.52,0.20,-0.0326,0.0021,-0.0104,-14.5,0.8,0.5,-0.0202,-0.5798,-0.0032,-0.2592,-0.7796,0.0304,9.0,-6.1,18.6,0.2242,-0.7497,-0.0982,28.1,-4.4,27.0,-0.1068,-0.9731,-0.1544,0.9061,-0.1666,0.2833,0.0767,-0.8725,-0.4653,-0.8694,-0.2585,0.3598
slow,1.02,1.52,0.25,-0.0366,0.0085,-0.0081,-15.1,0.1,0.2,-0.0265,-0.5734,0.0028,-0.2739,-0.7701,-0.0260,16.1,-5.9,22.5,0.2169,-0.7536,-0.0464,22.5,-5.1,25.4,-0.1021,-0.9499,-0.2742,0.8834,-0.2069,0.3241,0.0886,-0.9160,-0.3790,-0.8845,-0.2286,0.3577
slow,1.02,1.52,0.30,-0.0377,0.0068,-0.0028,-16.0,-0.9,-0.3,-0.0302,-0.5751,0.0118,-0.2836,-0.7602,-0.0834,24.0,-5.3,26.6,0.2106,-0.7608,0.0072,17.6,-5.6,22.2,-0.0929,-0.9049,-0.4040,0.8562,-0.2603,0.3581,0.0972,-0.9418,-0.2992,-0.9084,-0.1945,0.3247
slow,1.02,1.52,0.35,-0.0361,0.0022,0.0031,-16.4,-1.8,-0.9,-0.0309,-0.5798,0.0203,-0.2874,-0.7466,-0.1346,32.1,-4.3,29.9,0.2058,-0.7665,0.0564,13.2,-5.8,19.8,-0.0740,-0.8388,-0.5267,0.8365,-0.3133,0.3755,0.1007,-0.9573,-0.2239,-0.9243,-0.1665,0.3004
slow,1.02,1.52,0.40,-0.0325,0.0021,0.0082,-16.5,-2.3,-1.5,-0.0294,-0.5800,0.0267,-0.2855,-0.7255,-0.1749,39.2,-2.5,31.8,0.2007,-0.7651,0.0978,8.9,-5.7,17.4,-0.0442,-0.7643,-0.6251,0.8256,-0.3523,0.3769,0.0991,-0.9669,-0.1508,-0.9375,-0.1413,0.2718
slow,1.02,1.52,0.45,-0.0268,-0.0008,0.0120,-16.4,-2.6,-1.8,-0.0261,-0.5830,0.0303,-0.2799,-0.7101,-0.1993,44.4,-1.0,32.4,0.1979,-0.7650,0.1286,5.4,-5.5,15.6,-0.0180,-0.7013,-0.6882,0.8210,-0.3728,0.3664,0.0961,-0.9722,-0.0911,-0.9462,-0.1257,0.2492
slow,1.02,1.52,0.50,-0.0182,-0.0072,0.0123,-16.2,-2.7,-2.0,-0.0201,-0.5896,0.0300,-0.2707,-0.7061,-0.2090,47.0,0.1,32.6,0.1992,-0.7706,0.1451,2.5,-5.3,14.0,0.0017,-0.6660,-0.7142,0.8174,-0.3782,0.3633,0.0929,-0.9749,-0.0419,-0.9496,-0.1152,0.2281
slow,1.02,1.52,0.55,-0.0066,-0.0145,0.0075,-15.7,-2.7,-2.1,-0.0117,-0.5970,0.0222,-0.2597,-0.7144,-0.2046,46.5,0.0,32.5,0.2061,-0.7802,0.1452,0.7,-5.3,13.0,-0.0003,-0.6696,-0.7050,0.8169,-0.3691,0.3614,0.0930,-0.9766,-0.0122,-0.9491,-0.1133,0.2156
slow,1.02,1.52,0.60,0.0087,-0.0116,-0.0027,-15.3,-2.4,-2.0,-0.0026,-0.5939,0.0076,-0.2462,-0.7244,-0.1867,42.2,-1.3,31.4,0.2202,-0.7846,0.1250,0.5,-5.5,12.9,-0.0228,-0.7201,-0.6541,0.8258,-0.3411,0.3606,0.0962,-0.9788,-0.0096,-0.9474,-0.1155,0.2144
slow,1.02,1.52,0.65,0.0224,-0.0016,-0.0114,-15.2,-2.0,-2.2,0.0091,-0.5835,-0.0026,-0.2344,-0.7339,-0.1496,35.1,-3.1,28.9,0.2386,-0.7834,0.0872,2.9,-6.2,14.0,-0.0539,-0.7999,-0.5620,0.8471,-0.2934,0.3565,0.1086,-0.9807,-0.0496,-0.9377,-0.1361,0.2276
slow,1.02,1.52,0.70,0.0324,0.0111,-0.0135,-15.3,-1.5,-2.2,0.0193,-0.5708,-0.0029,-0.2246,-0.7385,-0.1034,28.1,-4.2,27.9,0.2579,-0.7733,0.0358,8.6,-6.4,16.4,-0.0737,-0.8699,-0.4643,0.8582,-0.2595,0.3710,0.1107,-0.9746,-0.1479,-0.9258,-0.1623,0.2522
slow,1.02,1.52,0.75,0.0363,0.0179,-0.0115,-15.8,-0.7,-2.0,0.0260,-0.5640,0.0030,-0.2182,-0.7427,-0.0499,22.3,-5.0,26.9,0.2734,-0.7630,-0.0220,15.9,-6.1,21.2,-0.0873,-0.9162,-0.3761,0.8699,-0.2337,0.3773,0.1060,-0.9512,-0.2704,-0.9022,-0.2026,0.3100
slow,1.02,1.52,0.80,0.0374,0.0156,-0.0064,-16.6,0.2,-1.3,0.0297,-0.5661,0.0117,-0.2125,-0.7504,0.0060,17.1,-5.7,23.5,0.2836,-0.7533,-0.0798,24.0,-5.3,25.6,-0.0985,-0.9445,-0.2907,0.8977,-0.1984,0.3461,0.0930,-0.9056,-0.4030,-0.8747,-0.2539,0.3491
slow,1.02,1.52,0.85,0.0359,0.0110,-0.0005,-17.0,1.0,-0.6,0.0304,-0.5709,0.0206,-0.2072,-0.7560,0.0569,12.5,-5.9,20.5,0.2881,-0.7393,-0.1315,32.2,-4.1,29.1,-0.1032,-0.9607,-0.2120,0.9195,-0.1659,0.3121,0.0715,-0.8379,-0.5289,-0.8522,-0.3074,0.3709
slow,1.02,1.52,0.90,0.0325,0.0120,0.0042,-17.1,1.7,-0.1,0.0289,-0.5700,0.0265,-0.2022,-0.7530,0.0987,8.0,-6.0,18.1,0.2872,-0.7172,-0.1721,39.4,-2.5,31.0,-0.1048,-0.9696,-0.1358,0.9324,-0.1421,0.2841,0.0435,-0.7622,-0.6274,-0.8379,-0.3462,0.3719
slow,1.02,1.52,0.95,0.0269,0.0091,0.0077,-16.9,2.0,0.2,0.0253,-0.5731,0.0299,-0.1992,-0.7529,0.1298,4.2,-5.9,15.9,0.2820,-0.7022,-0.1976,44.5,-1.1,31.5,-0.1025,-0.9734,-0.0708,0.9408,-0.1261,0.2552,0.0187,-0.6998,-0.6891,-0.8343,-0.3644,0.3612
normal,1.24,1.78,0.00,0.0108,-0.0134,0.0045,-16.9,1.7,1.1,0.0125,-0.5862,0.0302,-0.2247,-0.7903,0.1005,7.0,-7.4,18.1,0.2873,-0.7346,-0.1711,42.7,-2.4,35.7,-0.1292,-0.9694,-0.1191,0.9282,-0.1419,0.2832,0.0421,-0.7214,-0.6640,-0.7899,-0.4264,0.3959
normal,1.24,1.78,0.05,0.0033,-0.0205,0.0007,-16.7,1.7,1.0,0.0050,-0.5934,0.0224,-0.2284,-0.7988,0.1111,3.5,-7.7,16.2,0.2784,-0.7381,-0.1816,43.8,-2.3,35.2,-0.1346,-0.9714,-0.0608,0.9371,-0.1283,0.2613,0.0393,-0.7072,-0.6765,-0.7947,-0.4299,0.3845
normal,1.24,1.78,0.10,-0.0064,-0.0172,-0.0072,-16.6,1.6,0.8,-0.0033,-0.5900,0.0083,-0.2371,-0.7994,0.1045,1.8,-8.0,15.0,0.2653,-0.7401,-0.1789,42.1,-2.7,33.5,-0.1384,-0.9729,-0.0319,0.9427,-0.1247,0.2456,0.0477,-0.7264,-0.6560,-0.8091,-0.4090,0.3709
normal,1.24,1.78,0.15,-0.0152,-0.0088,-0.0116,-16.3,1.4,0.6,-0.0125,-0.5818,-0.0001,-0.2488,-0.7946,0.0845,3.4,-8.4,14.2,0.2520,-0.7436,-0.1593,38.4,-3.5,31.1,-0.1456,-0.9753,-0.0580,0.9453,-0.1398,0.2313,0.0607,-0.7694,-0.6092,-0.8294,-0.3700,0.3577
normal,1.24,1.78,0.20,-0.0217,0.0022,-0.0109,-16.0,0.9,0.6,-0.0190,-0.5710,0.0004,-0.2622,-0.7852,0.0530,7.6,-8.3,16.1,0.2406,-0.7469,-0.1277,33.6,-4.1,30.0,-0.1448,-0.9736,-0.1298,0.9376,-0.1620,0.2520,0.0708,-0.8209,-0.5461,-0.8402,-0.3341,0.3680
normal,1.24,1.78,0.25,-0.0232,0.0106,-0.0080,-16.6,0.4,0.3,-0.0226,-0.5626,0.0058,-0.2730,-0.7754,0.0140,12.9,-8.1,20.9,0.2337,-0.7516,-0.0867,28.6,-5.0,28.8,-0.1404,-0.9611,-0.2207,0.9112,-0.1975,0.3125,0.0865,-0.8679,-0.4738,-0.8500,-0.3013,0.3730
normal,1.24,1.78,0.30,-0.0227,0.0114,-0.0031,-17.3,-0.3,-0.4,-0.0240,-0.5617,0.0139,-0.2827,-0.7676,-0.0299,19.5,-7.4,26.0,0.2291,-0.7602,-0.0399,24.0,-5.7,26.1,-0.1287,-0.9314,-0.3305,0.8757,-0.2488,0.3685,0.0994,-0.9042,-0.4017,-0.8690,-0.2592,0.3509
normal,1.24,1.78,0.35,-0.0213,0.0070,0.0024,-17.3,-0.9,-1.0,-0.0234,-0.5660,0.0225,-0.2897,-0.7593,-0.0742,26.8,-6.1,31.0,0.2259,-0.7695,0.0049,19.7,-6.2,23.8,-0.1055,-0.8831,-0.4455,0.8347,-0.3090,0.4097,0.1083,-0.9305,-0.3327,-0.8876,-0.2227,0.3330
normal,1.24,1.78,0.40,-0.0191,0.0049,0.0065,-17.1,-1.4,-1.6,-0.0214,-0.5682,0.0289,-0.2928,-0.7451,-0.1149,33.6,-4.6,34.1,0.2240,-0.7735,0.0456,15.2,-6.7,21.4,-0.0794,-0.8230,-0.5461,0.8052,-0.3652,0.4193,0.1174,-0.9512,-0.2590,-0.9048,-0.1906,0.3126
normal,1.24,1.78,0.45,-0.0158,0.0005,0.0087,-17.1,-1.9,-1.9,-0.0179,-0.5726,0.0318,-0.2921,-0.7330,-0.1491,39.2,-3.3,35.6,0.2233,-0.7776,0.0799,10.7,-7.4,18.8,-0.0576,-0.7636,-0.6221,0.7909,-0.4092,0.4092,0.1283,-0.9647,-0.1820,-0.9200,-0.1641,0.2838
normal,1.24,1.78,0.50,-0.0109,-0.0073,0.0079,-17.0,-2.1,-2.0,-0.0123,-0.5803,0.0304,-0.2869,-0.7283,-0.1731,42.9,-2.6,36.0,0.2245,-0.7850,0.1045,6.4,-7.8,16.6,-0.0451,-0.7198,-0.6684,0.7878,-0.4354,0.3927,0.1362,-0.9709,-0.1100,-0.9314,-0.1451,0.2601
normal,1.24,1.78,0.55,-0.0036,-0.0153,0.0038,-16.8,-2.2,-1.9,-0.0046,-0.5883,0.0225,-0.2780,-0.7317,-0.1859,44.4,-2.5,35.5,0.2284,-0.7940,0.1145,3.0,-8.0,15.1,-0.0428,-0.7014,-0.6853,0.7936,-0.4412,0.3780,0.1390,-0.9724,-0.0525,-0.9370,-0.1305,0.2436
normal,1.24,1.78,0.60,0.0058,-0.0126,-0.0043,-16.7,-2.0,-1.6,0.0036,-0.5857,0.0080,-0.2650,-0.7338,-0.1845,43.1,-2.9,33.8,0.2363,-0.7950,0.1065,1.6,-8.0,14.1,-0.0501,-0.7163,-0.6691,0.8080,-0.4225,0.3646,0.1386,-0.9737,-0.0273,-0.9417,-0.1243,0.2307
normal,1.24,1.78,0.65,0.0146,-0.0047,-0.0087,-16.4,-1.8,-1.4,0.0132,-0.5777,-0.0006,-0.2518,-0.7380,-0.1656,39.5,-3.6,31.2,0.2485,-0.7902,0.0845,3.4,-8.5,13.5,-0.0621,-0.7579,-0.6245,0.8299,-0.3821,0.3514,0.1471,-0.9751,-0.0587,-0.9444,-0.1401,0.2179
normal,1.24,1.78,0.70,0.0211,0.0064,-0.0078,-16.0,-1.4,-1.4,0.0197,-0.5669,-0.0000,-0.2397,-0.7419,-0.1339,34.8,-4.1,29.9,0.2623,-0.7802,0.0515,8.0,-8.4,15.5,-0.0712,-0.8102,-0.5622,0.8428,-0.3404,0.3609,0.1468,-0.9722,-0.1362,-0.9386,-0.1629,0.2395
normal,1.24,1.78,0.75,0.0228,0.0147,-0.0047,-16.5,-0.9,-1.0,0.0232,-0.5585,0.0052,-0.2325,-0.7477,-0.0921,29.4,-5.0,28.9,0.2739,-0.7701,0.0110,13.7,-8.1,20.6,-0.0868,-0.8611,-0.4857,0.8520,-0.3050,0.3718,0.1412,-0.9580,-0.2328,-0.9122,-0.1993,0.3055
normal,1.24,1.78,0.80,0.0225,0.0155,0.0002,-17.2,-0.2,-0.5,0.0244,-0.5576,0.0133,-0.2274,-0.7571,-0.0447,24.5,-5.7,26.2,0.2838,-0.7618,-0.0339,20.4,-7.4,26.2,-0.0988,-0.9000,-0.4105,0.8715,-0.2606,0.3527,0.1284,-0.9261,-0.3442,-0.8732,-0.2529,0.3676
normal,1.24,1.78,0.85,0.0213,0.0105,0.0055,-17.4,0.5,0.2,0.0237,-0.5625,0.0222,-0.2236,-0.7670,0.0020,20.1,-6.0,24.1,0.2910,-0.7535,-0.0787,27.7,-6.0,31.0,-0.1048,-0.9275,-0.3393,0.8860,-0.2206,0.3394,0.1042,-0.8751,-0.4597,-0.8333,-0.3127,0.4056
normal,1.24,1.78,0.90,0.0194,0.0084,0.0096,-17.2,1.0,0.7,0.0217,-0.5647,0.0286,-0.2213,-0.7707,0.0443,15.5,-6.4,22.0,0.2942,-0.7385,-0.1201,34.6,-4.5,33.9,-0.1121,-0.9488,-0.2637,0.9016,-0.1860,0.3227,0.0786,-0.8121,-0.5606,-0.8056,-0.3691,0.4124
normal,1.24,1.78,0.95,0.0164,0.0041,0.0119,-17.1,1.4,1.0,0.0181,-0.5690,0.0315,-0.2202,-0.7743,0.0798,10.9,-7.0,19.5,0.2934,-0.7257,-0.1543,40.3,-3.3,35.2,-0.1211,-0.9627,-0.1855,0.9174,-0.1573,0.2953,0.0571,-0.7504,-0.6363,-0.7942,-0.4114,0.3989
fast,1.65,2.04,0.00,0.0054,-0.0196,0.0053,-13.4,-0.6,-1.7,0.0083,-0.6034,0.0251,-0.2275,-0.7586,0.1904,-9.4,-7.1,18.3,0.2587,-0.7001,-0.2410,55.3,3.2,33.4,-0.1231,-0.9383,0.1564,0.9155,-0.0868,0.3160,-0.0556,-0.5485,-0.7924,-0.8062,-0.4150,0.3502
fast,1.65,2.04,0.05,-0.0023,-0.0292,0.0011,-12.8,-0.7,-1.7,0.0041,-0.6131,0.0148,-0.2299,-0.7653,0.2047,-13.6,-7.0,15.5,0.2543,-0.6967,-0.2578,58.4,3.1,33.0,-0.1223,-0.9238,0.2236,0.9287,-0.0789,0.2790,-0.0524,-0.5043,-0.8174,-0.8099,-0.4306,0.3224
fast,1.65,2.04,0.10,-0.0115,-0.0294,-0.0052,-12.6,-1.0,-2.2,0.0001,-0.6128,0.0031,-0.2361,-0.7726,0.1946,-14.4,-6.8,14.5,0.2470,-0.7018,-0.2518,57.1,1.9,30.3,-0.1183,-0.9257,0.2379,0.9346,-0.0749,0.2659,-0.0331,-0.5234,-0.8090,-0.8355,-0.4010,0.2975
fast,1.65,2.04,0.15,-0.0197,-0.0201,-0.0078,-11.9,-1.3,-2.0,-0.0049,-0.6034,-0.0005,-0.2459,-0.7757,0.1634,-11.1,-7.4,14.4,0.2392,-0.7119,-0.2230,52.0,0.6,27.1,-0.1284,-0.9446,0.1843,0.9383,-0.0943,0.2636,-0.0099,-0.5972,-0.7653,-0.8639,-0.3474,0.2857
fast,1.65,2.04,0.20,-0.0247,-0.0053,-0.0072,-12.2,-1.7,-1.7,-0.0098,-0.5886,0.0034,-0.2549,-0.7750,0.1128,-4.6,-7.5,16.7,0.2314,-0.7247,-0.1748,44.1,-1.0,25.0,-0.1305,-0.9692,0.0771,0.9341,-0.1132,0.2921,0.0171,-0.7039,-0.6833,-0.8840,-0.2996,0.2893
fast,1.65,2.04,0.25,-0.0240,0.0081,-0.0047,-13.4,-2.2,-1.8,-0.0130,-0.5752,0.0100,-0.2608,-0.7711,0.0488,4.5,-7.2,22.1,0.2271,-0.7392,-0.1079,34.1,-2.7,23.4,-0.1256,-0.9793,-0.0770,0.9048,-0.1488,0.3599,0.0461,-0.8180,-0.5542,-0.8982,-0.2540,0.2985
fast,1.65,2.04,0.30,-0.0218,0.0112,-0.0008,-14.5,-2.7,-2.3,-0.0138,-0.5719,0.0174,-0.2638,-0.7643,-0.0218,15.9,-5.7,27.7,0.2243,-0.7552,-0.0329,23.6,-4.0,21.5,-0.0995,-0.9515,-0.2705,0.8633,-0.2047,0.4156,0.0702,-0.9061,-0.3951,-0.9133,-0.2066,0.2996
fast,1.65,2.04,0.35,-0.0192,0.0104,0.0024,-14.7,-3.0,-2.8,-0.0131,-0.5729,0.0226,-0.2659,-0.7467,-0.0937,28.0,-3.1,31.2,0.2226,-0.7635,0.0394,13.5,-5.1,20.2,-0.0541,-0.8725,-0.4647,0.8310,-0.2682,0.4287,0.0880,-0.9542,-0.2290,-0.9235,-0.1650,0.3060
fast,1.65,2.04,0.40,-0.0161,0.0082,0.0049,-14.4,-3.2,-3.3,-0.0108,-0.5752,0.0260,-0.2658,-0.7200,-0.1596,39.3,-0.1,33.9,0.2210,-0.7611,0.1047,4.8,-5.7,18.7,-0.0011,-0.7586,-0.6201,0.7993,-0.3304,0.4269,0.1000,-0.9678,-0.0816,-0.9311,-0.1293,0.3005
fast,1.65,2.04,0.45,-0.0125,0.0027,0.0068,-14.0,-3.3,-3.5,-0.0073,-0.5810,0.0265,-0.2635,-0.6920,-0.2134,48.9,2.3,36.0,0.2195,-0.7553,0.1591,-2.6,-6.3,15.4,0.0391,-0.6361,-0.7296,0.7752,-0.3954,0.4100,0.1094,-0.9624,0.0427,-0.9435,-0.1087,0.2590
fast,1.65,2.04,0.50,-0.0069,-0.0086,0.0064,-13.5,-3.3,-3.6,-0.0032,-0.5924,0.0241,-0.2588,-0.6746,-0.2500,55.9,3.4,36.8,0.2204,-0.7556,0.1973,-8.5,-6.8,11.8,0.0584,-0.5381,-0.7930,0.7670,-0.4447,0.3785,0.1180,-0.9464,0.1407,-0.9516,-0.1053,0.2113
fast,1.65,2.04,0.55,0.0007,-0.0194,0.0022,-13.0,-3.1,-3.5,0.0011,-0.6033,0.0141,-0.2532,-0.6714,-0.2674,59.3,3.3,36.0,0.2236,-0.7626,0.2121,-12.5,-6.9,9.2,0.0570,-0.4875,-0.8212,0.7778,-0.4613,0.3464,0.1199,-0.9321,0.2057,-0.9559,-0.1062,0.1788
fast,1.65,2.04,0.60,0.0099,-0.0195,-0.0042,-12.6,-2.7,-3.1,0.0053,-0.6032,0.0027,-0.2456,-0.6764,-0.2618,58.3,2.5,33.4,0.2301,-0.7698,0.2018,-13.7,-6.8,8.4,0.0424,-0.5023,-0.8151,0.8040,-0.4338,0.3247,0.1178,-0.9301,0.2265,-0.9580,-0.1024,0.1686
fast,1.65,2.04,0.65,0.0185,-0.0094,-0.0074,-12.0,-2.5,-3.2,0.0105,-0.5931,-0.0006,-0.2384,-0.6856,-0.2334,53.6,1.4,31.3,0.2403,-0.7724,0.1699,-10.8,-7.4,8.6,0.0234,-0.5730,-0.7770,0.8211,-0.3890,0.3240,0.1277,-0.9460,0.1794,-0.9606,-0.1144,0.1712
fast,1.65,2.04,0.70,0.0237,0.0062,-0.0070,-12.4,-2.0,-3.6,0.0154,-0.5775,0.0032,-0.2319,-0.6984,-0.1853,45.7,-0.1,29.9,0.2502,-0.7716,0.1192,-4.6,-7.6,11.3,-0.0022,-0.6829,-0.6992,0.8339,-0.3435,0.3389,0.1324,-0.9686,0.0767,-0.9586,-0.1250,0.2052
fast,1.65,2.04,0.75,0.0236,0.0199,-0.0044,-13.5,-1.5,-3.5,0.0180,-0.5637,0.0102,-0.2295,-0.7134,-0.1185,35.7,-1.8,28.7,0.2561,-0.7685,0.0543,4.6,-7.3,16.8,-0.0312,-0.8009,-0.5759,0.8473,-0.2928,0.3616,0.1277,-0.9782,-0.0792,-0.9397,-0.1481,0.2757
fast,1.65,2.04,0.80,0.0221,0.0231,-0.0002,-14.5,-1.1,-3.2,0.0182,-0.5603,0.0181,-0.2285,-0.7310,-0.0424,25.1,-3.3,26.8,0.2589,-0.7624,-0.0173,16.3,-5.7,22.5,-0.0578,-0.8956,-0.4186,0.8649,-0.2356,0.3714,0.0998,-0.9490,-0.2779,-0.9105,-0.1904,0.3370
fast,1.65,2.04,0.85,0.0201,0.0225,0.0036,-14.6,-1.0,-2.6,0.0171,-0.5610,0.0235,-0.2284,-0.7402,0.0320,14.5,-4.6,25.7,0.2606,-0.7447,-0.0904,29.0,-3.0,26.2,-0.0805,-0.9510,-0.2464,0.8757,-0.1824,0.3830,0.0530,-0.8659,-0.4791,-0.8823,-0.2443,0.3610
fast,1.65,2.04,0.90,0.0176,0.0209,0.0058,-14.3,-1.0,-2.2,0.0151,-0.5628,0.0274,-0.2278,-0.7380,0.1008,4.9,-5.6,24.7,0.2604,-0.7168,-0.1567,40.6,0.3,29.1,-0.0981,-0.9690,-0.0828,0.8836,-0.1325,0.3893,-0.0046,-0.7448,-0.6392,-0.8527,-0.2969,0.3701
fast,1.65,2.04,0.95,0.0141,0.0153,0.0079,-14.0,-1.1,-1.9,0.0119,-0.5685,0.0276,-0.2277,-0.7320,0.1578,-3.4,-6.6,22.2,0.2578,-0.6882,-0.2106,50.4,3.0,31.6,-0.1152,-0.9617,0.0576,0.8979,-0.0986,0.3642,-0.0509,-0.6166,-0.7466,-0.8236,-0.3566,0.3679
run,3.35,2.67,0.00,0.0051,0.0445,-0.0165,-4.0,5.8,-0.4,-0.0023,-0.5197,0.0343,-0.1913,-0.5387,0.0724,62.4,-5.9,10.1,0.1558,-0.4779,-0.1610,104.0,28.3,5.2,-0.1024,-0.4391,-0.8509,0.9532,-0.1923,0.0185,-0.4713,0.1984,-0.8256,-0.8475,-0.2128,0.4402
run,3.35,2.67,0.05,0.0014,0.0267,-0.0166,-3.6,6.1,-0.6,-0.0014,-0.5375,0.0359,-0.1955,-0.5615,0.0549,65.9,-4.9,10.1,0.1549,-0.5145,-0.1501,96.0,27.8,8.3,-0.0851,-0.3894,-0.8801,0.9547,-0.1856,0.0224,-0.4636,0.0822,-0.8504,-0.8463,-0.1994,0.4531
run,3.35,2.67,0.10,-0.0046,-0.0041,-0.0169,-4.2,5.7,-0.5,-0.0016,-0.5680,0.0393,-0.2020,-0.5925,0.0195,72.0,-2.1,10.2,0.1586,-0.5694,-0.1288,86.6,25.4,11.0,-0.0359,-0.2989,-0.9251,0.9547,-0.1726,0.0493,-0.4253,-0.0574,-0.8725,-0.8571,-0.1696,0.4452
run,3.35,2.67,0.15,-0.0120,-0.0354,-0.0126,-4.1,4.6,-0.7,-0.0033,-0.5974,0.0499,-0.2077,-0.6170,-0.0302,80.5,2.1,10.6,0.1630,-0.6215,-0.0959,77.6,21.1,13.9,0.0371,-0.1623,-0.9650,0.9475,-0.1715,0.0913,-0.3562,-0.1981,-0.8806,-0.8748,-0.1588,0.4109
run,3.35,2.67,0.20,-0.0165,-0.0511,-0.0040,-3.9,3.1,-0.6,-0.0050,-0.6115,0.0641,-0.2073,-0.6170,-0.0774,89.5,6.5,12.1,0.1704,-0.6474,-0.0468,70.4,16.3,14.6,0.1123,-0.0087,-0.9779,0.9339,-0.2042,0.1300,-0.2774,-0.3140,-0.8724,-0.8986,-0.1404,0.3619
run,3.35,2.67,0.25,-0.0182,-0.0446,0.0023,-4.5,1.4,-0.3,-0.0056,-0.6047,0.0728,-0.2002,-0.5836,-0.1102,98.5,10.0,11.3,0.1757,-0.6373,0.0004,67.7,12.9,11.4,0.1720,0.1432,-0.9620,0.9250,-0.2148,0.1504,-0.2206,-0.3583,-0.8703,-0.9281,-0.0955,0.2985
run,3.35,2.67,0.30,-0.0174,-0.0193,0.0053,-4.7,-0.7,0.2,-0.0033,-0.5801,0.0724,-0.1904,-0.5343,-0.1316,105.7,13.7,6.8,0.1796,-0.6072,0.0368,66.4,9.0,9.7,0.2353,0.2582,-0.9245,0.9173,-0.1762,0.2028,-0.1561,-0.3811,-0.8738,-0.9510,-0.0889,0.2291
run,3.35,2.67,0.35,-0.0143,0.0119,0.0042,-4.7,-2.8,0.1,-0.0017,-0.5507,0.0631,-0.1815,-0.4913,-0.1450,109.3,17.9,5.1,0.1815,-0.5741,0.0612,64.9,4.3,8.7,0.3064,0.3077,-0.8868,0.9006,-0.1865,0.2669,-0.0754,-0.4067,-0.8731,-0.9668,-0.1029,0.1472
run,3.35,2.67,0.40,-0.0109,0.0372,-0.0002,-5.0,-4.5,-0.1,-0.0011,-0.5273,0.0495,-0.1752,-0.4633,-0.1539,109.9,22.2,6.5,0.1821,-0.5464,0.0752,64.3,0.2,7.0,0.3767,0.3085,-0.8580,0.8759,-0.2346,0.3175,-0.0041,-0.4176,-0.8717,-0.9752,-0.1071,0.0677
run,3.35,2.67,0.45,-0.0077,0.0489,-0.0025,-4.9,-5.6,-0.3,-0.0009,-0.5160,0.0414,-0.1701,-0.4553,-0.1576,108.4,25.8,8.2,0.1828,-0.5306,0.0764,65.2,-2.5,6.0,0.4332,0.2766,-0.8405,0.8478,-0.2691,0.3653,0.0428,-0.4035,-0.8781,-0.9778,-0.1109,0.0163
run,3.35,2.67,0.50,-0.0045,0.0443,-0.0033,-4.0,-6.2,-0.3,-0.0015,-0.5205,0.0387,-0.1667,-0.4730,-0.1535,103.6,27.1,10.1,0.1844,-0.5339,0.0660,67.1,-3.5,5.9,0.4541,0.2025,-0.8483,0.8333,-0.2713,0.4009,0.0601,-0.3729,-0.8914,-0.9782,-0.1172,-0.0021
run,3.35,2.67,0.55,-0.0006,0.0236,-0.0041,-3.7,-6.4,-0.2,-0.0029,-0.5413,0.0383,-0.1672,-0.5156,-0.1436,95.6,25.7,12.8,0.1881,-0.5570,0.0452,70.5,-2.6,5.7,0.4312,0.0840,-0.8747,0.8378,-0.2569,0.4117,0.0451,-0.3208,-0.9141,-0.9783,-0.1087,0.0060
run,3.35,2.67,0.60,0.0048,-0.0089,-0.0062,-4.2,-5.8,-0.1,-0.0030,-0.5739,0.0398,-0.1711,-0.5732,-0.1248,86.8,22.2,15.6,0.1925,-0.5892,0.0109,76.2,0.3,5.7,0.3747,-0.0531,-0.8964,0.8507,-0.2404,0.3990,-0.0058,-0.2304,-0.9443,-0.9764,-0.0966,0.0491
run,3.35,2.67,0.65,0.0118,-0.0395,-0.0026,-4.0,-4.4,0.1,-0.0013,-0.6030,0.0485,-0.1752,-0.6264,-0.0920,77.9,17.0,17.7,0.1959,-0.6128,-0.0374,84.1,4.6,5.7,0.2898,-0.1964,-0.9010,0.8666,-0.2277,0.3653,-0.0806,-0.0994,-0.9648,-0.9707,-0.0963,0.1130
run,3.35,2.67,0.70,0.0158,-0.0542,0.0056,-3.5,-2.8,-0.0,0.0003,-0.6164,0.0613,-0.1823,-0.6533,-0.0413,70.4,12.0,17.1,0.1937,-0.6121,-0.0815,92.9,9.0,6.3,0.2054,-0.3169,-0.8836,0.8924,-0.1998,0.3191,-0.1553,0.0460,-0.9612,-0.9599,-0.1264,0.1690
run,3.35,2.67,0.75,0.0171,-0.0466,0.0118,-3.8,-1.0,-0.4,0.0008,-0.6086,0.0691,-0.1874,-0.6445,0.0081,66.9,8.7,14.5,0.1854,-0.5807,-0.1147,101.4,12.4,5.4,0.1490,-0.3724,-0.8695,0.9168,-0.1655,0.2685,-0.2133,0.1850,-0.9357,-0.9517,-0.1433,0.2060
run,3.35,2.67,0.80,0.0166,-0.0217,0.0147,-3.9,1.2,-0.9,-0.0011,-0.5844,0.0672,-0.1907,-0.6162,0.0467,65.1,5.0,12.4,0.1760,-0.5343,-0.1367,107.9,15.6,1.7,0.0867,-0.4013,-0.8646,0.9343,-0.1482,0.2070,-0.2678,0.2865,-0.8970,-0.9403,-0.1219,0.2587
run,3.35,2.67,0.85,0.0139,0.0090,0.0133,-4.0,3.3,-0.8,-0.0031,-0.5553,0.0571,-0.1920,-0.5838,0.0738,63.3,0.6,10.5,0.1669,-0.4915,-0.1480,111.6,19.5,-0.6,0.0103,-0.4291,-0.8567,0.9495,-0.1458,0.1294,-0.3322,0.3353,-0.8551,-0.9146,-0.1269,0.3260
run,3.35,2.67,0.90,0.0111,0.0319,0.0099,-4.2,4.7,-0.6,-0.0040,-0.5336,0.0440,-0.1917,-0.5581,0.0890,62.4,-3.5,8.2,0.1614,-0.4650,-0.1580,112.9,23.9,0.7,-0.0604,-0.4412,-0.8493,0.9580,-0.1422,0.0498,-0.4042,0.3403,-0.8195,-0.8858,-0.1815,0.3789
run,3.35,2.67,0.95,0.0079,0.0425,0.0075,-3.8,5.8,-0.2,-0.0029,-0.5236,0.0370,-0.1921,-0.5430,0.0906,63.1,-6.4,7.1,0.1562,-0.4578,-0.1605,111.7,27.8,2.6,-0.1102,-0.4288,-0.8508,0.9601,-0.1479,-0.0056,-0.4645,0.3121,-0.7990,-0.8570,-0.2246,0.4241
